{
  "config": {
    "name": "anemia_cnn_kaggle_r50_ssl",
    "backbone": "resnet50",
    "init_weights": "outputs/ssl/ssl_kaggle.pt",
    "target": "regress",
    "res": 320,
    "bs": 32,
    "grad_accum": 1,
    "epochs": 80,
    "lr": 3e-05,
    "weight_decay": 0.01,
    "num_workers": 4,
    "amp": true,
    "folds": 5,
    "modes": [
      "cv",
      "loco"
    ],
    "seed": 42
  },
  "cv": {
    "overall": {
      "auc": 0.8603697889412175,
      "sens": 0.8461538461538461,
      "spec": 0.7698412698412699,
      "acc": 0.8018433179723502,
      "n": 217,
      "n_pos": 91,
      "tp": 77,
      "tn": 97,
      "fp": 29,
      "fn": 14
    },
    "India": {
      "auc": 0.5691721132897605,
      "sens": 0.8970588235294118,
      "spec": 0.25925925925925924,
      "acc": 0.7157894736842105,
      "n": 95,
      "n_pos": 68,
      "tp": 61,
      "tn": 7,
      "fp": 20,
      "fn": 7
    },
    "Italy": {
      "auc": 0.8897672375933245,
      "sens": 0.6956521739130435,
      "spec": 0.9090909090909091,
      "acc": 0.8688524590163934,
      "n": 122,
      "n_pos": 23,
      "tp": 16,
      "tn": 90,
      "fp": 9,
      "fn": 7
    },
    "acc_hard": 0.8064516129032258,
    "hgb_mae": 1.3678669464533229
  },
  "loco": {
    "train_India_test_Italy": {
      "auc": 0.5265700483091788,
      "sens": 0.43478260869565216,
      "spec": 0.2727272727272727,
      "acc": 0.30327868852459017,
      "n": 122,
      "n_pos": 23,
      "tp": 10,
      "tn": 27,
      "fp": 72,
      "fn": 13,
      "acc_hard": 0.1885245901639344,
      "hgb_mae": 2.8337358061993707
    },
    "train_Italy_test_India": {
      "auc": 0.4433551198257081,
      "sens": 0.4852941176470588,
      "spec": 0.48148148148148145,
      "acc": 0.4842105263157895,
      "n": 95,
      "n_pos": 68,
      "tp": 33,
      "tn": 13,
      "fp": 14,
      "fn": 35,
      "acc_hard": 0.29473684210526313,
      "hgb_mae": 2.385133819580078
    }
  }
}