{
  "config": {
    "name": "anemia_cnn_kaggle_r50",
    "backbone": "resnet50",
    "target": "regress",
    "res": 320,
    "bs": 32,
    "grad_accum": 1,
    "epochs": 80,
    "lr": 3e-05,
    "weight_decay": 0.01,
    "num_workers": 4,
    "amp": true,
    "folds": 5,
    "modes": [
      "cv",
      "loco"
    ],
    "seed": 42
  },
  "cv": {
    "overall": {
      "auc": 0.8588871446014303,
      "sens": 0.8351648351648352,
      "spec": 0.7777777777777778,
      "acc": 0.8018433179723502,
      "n": 217,
      "n_pos": 91,
      "tp": 76,
      "tn": 98,
      "fp": 28,
      "fn": 15
    },
    "India": {
      "auc": 0.5533769063180828,
      "sens": 0.8823529411764706,
      "spec": 0.25925925925925924,
      "acc": 0.7052631578947368,
      "n": 95,
      "n_pos": 68,
      "tp": 60,
      "tn": 7,
      "fp": 20,
      "fn": 8
    },
    "Italy": {
      "auc": 0.8994290733421169,
      "sens": 0.6956521739130435,
      "spec": 0.9191919191919192,
      "acc": 0.8770491803278688,
      "n": 122,
      "n_pos": 23,
      "tp": 16,
      "tn": 91,
      "fp": 8,
      "fn": 7
    },
    "acc_hard": 0.8018433179723502,
    "hgb_mae": 1.3730912464335214
  },
  "loco": {
    "train_India_test_Italy": {
      "auc": 0.46420729029424684,
      "sens": 0.43478260869565216,
      "spec": 0.2727272727272727,
      "acc": 0.30327868852459017,
      "n": 122,
      "n_pos": 23,
      "tp": 10,
      "tn": 27,
      "fp": 72,
      "fn": 13,
      "acc_hard": 0.1885245901639344,
      "hgb_mae": 2.838926749307601
    },
    "train_Italy_test_India": {
      "auc": 0.4406318082788671,
      "sens": 0.4264705882352941,
      "spec": 0.5925925925925926,
      "acc": 0.47368421052631576,
      "n": 95,
      "n_pos": 68,
      "tp": 29,
      "tn": 16,
      "fp": 11,
      "fn": 39,
      "acc_hard": 0.29473684210526313,
      "hgb_mae": 2.4490840430008736
    }
  }
}