{
  "n": 217,
  "n_features": 158,
  "cv_classify_hgb": {
    "overall": {
      "auc": 0.8793825222396652,
      "sens": 0.7362637362637363,
      "spec": 0.8095238095238095,
      "acc": 0.7788018433179723,
      "n": 217,
      "n_pos": 91,
      "tp": 67,
      "tn": 102,
      "fp": 24,
      "fn": 24
    },
    "India": {
      "auc": 0.7047930283224401,
      "sens": 0.7647058823529411,
      "spec": 0.4444444444444444,
      "acc": 0.6736842105263158,
      "n": 95,
      "n_pos": 68,
      "tp": 52,
      "tn": 12,
      "fp": 15,
      "fn": 16
    },
    "Italy": {
      "auc": 0.8915239350021958,
      "sens": 0.6521739130434783,
      "spec": 0.9090909090909091,
      "acc": 0.860655737704918,
      "n": 122,
      "n_pos": 23,
      "tp": 15,
      "tn": 90,
      "fp": 9,
      "fn": 8
    }
  },
  "loco_classify_hgb": {
    "train_India_test_Italy": {
      "auc": 0.7061923583662715,
      "sens": 0.9565217391304348,
      "spec": 0.26262626262626265,
      "acc": 0.39344262295081966,
      "n": 122,
      "n_pos": 23,
      "tp": 22,
      "tn": 26,
      "fp": 73,
      "fn": 1
    },
    "train_Italy_test_India": {
      "auc": 0.7009803921568628,
      "sens": 0.27941176470588236,
      "spec": 0.8888888888888888,
      "acc": 0.45263157894736844,
      "n": 95,
      "n_pos": 68,
      "tp": 19,
      "tn": 24,
      "fp": 3,
      "fn": 49
    }
  },
  "cv_classify_rf": {
    "overall": {
      "auc": 0.8900226757369615,
      "sens": 0.8351648351648352,
      "spec": 0.7857142857142857,
      "acc": 0.8064516129032258,
      "n": 217,
      "n_pos": 91,
      "tp": 76,
      "tn": 99,
      "fp": 27,
      "fn": 15
    },
    "India": {
      "auc": 0.690631808278867,
      "sens": 0.8970588235294118,
      "spec": 0.2962962962962963,
      "acc": 0.7263157894736842,
      "n": 95,
      "n_pos": 68,
      "tp": 61,
      "tn": 8,
      "fp": 19,
      "fn": 7
    },
    "Italy": {
      "auc": 0.904259991216513,
      "sens": 0.6521739130434783,
      "spec": 0.9191919191919192,
      "acc": 0.8688524590163934,
      "n": 122,
      "n_pos": 23,
      "tp": 15,
      "tn": 91,
      "fp": 8,
      "fn": 8
    }
  },
  "loco_classify_rf": {
    "train_India_test_Italy": {
      "auc": 0.9306104523495828,
      "sens": 1.0,
      "spec": 0.3939393939393939,
      "acc": 0.5081967213114754,
      "n": 122,
      "n_pos": 23,
      "tp": 23,
      "tn": 39,
      "fp": 60,
      "fn": 0
    },
    "train_Italy_test_India": {
      "auc": 0.7314814814814816,
      "sens": 0.4264705882352941,
      "spec": 0.8888888888888888,
      "acc": 0.5578947368421052,
      "n": 95,
      "n_pos": 68,
      "tp": 29,
      "tn": 24,
      "fp": 3,
      "fn": 39
    }
  },
  "cv_classify_logreg": {
    "overall": {
      "auc": 0.8710099424385138,
      "sens": 0.7802197802197802,
      "spec": 0.8095238095238095,
      "acc": 0.7972350230414746,
      "n": 217,
      "n_pos": 91,
      "tp": 71,
      "tn": 102,
      "fp": 24,
      "fn": 20
    },
    "India": {
      "auc": 0.712962962962963,
      "sens": 0.8235294117647058,
      "spec": 0.4444444444444444,
      "acc": 0.7157894736842105,
      "n": 95,
      "n_pos": 68,
      "tp": 56,
      "tn": 12,
      "fp": 15,
      "fn": 12
    },
    "Italy": {
      "auc": 0.8357487922705313,
      "sens": 0.6521739130434783,
      "spec": 0.9090909090909091,
      "acc": 0.860655737704918,
      "n": 122,
      "n_pos": 23,
      "tp": 15,
      "tn": 90,
      "fp": 9,
      "fn": 8
    }
  },
  "loco_classify_logreg": {
    "train_India_test_Italy": {
      "auc": 0.7307861220904699,
      "sens": 0.7391304347826086,
      "spec": 0.6767676767676768,
      "acc": 0.6885245901639344,
      "n": 122,
      "n_pos": 23,
      "tp": 17,
      "tn": 67,
      "fp": 32,
      "fn": 6
    },
    "train_Italy_test_India": {
      "auc": 0.7380174291938998,
      "sens": 0.7058823529411765,
      "spec": 0.7037037037037037,
      "acc": 0.7052631578947368,
      "n": 95,
      "n_pos": 68,
      "tp": 48,
      "tn": 19,
      "fp": 8,
      "fn": 20
    }
  },
  "cv_regress_hgb": {
    "overall": {
      "auc": 0.8690912262340834,
      "sens": 0.7142857142857143,
      "spec": 0.8095238095238095,
      "acc": 0.7695852534562212,
      "n": 217,
      "n_pos": 91,
      "tp": 65,
      "tn": 102,
      "fp": 24,
      "fn": 26,
      "acc_hard": 0.7695852534562212
    },
    "India": {
      "auc": 0.7096949891067538,
      "sens": 0.75,
      "spec": 0.48148148148148145,
      "acc": 0.6736842105263158,
      "n": 95,
      "n_pos": 68,
      "tp": 51,
      "tn": 13,
      "fp": 14,
      "fn": 17
    },
    "Italy": {
      "auc": 0.8445322793148881,
      "sens": 0.6086956521739131,
      "spec": 0.898989898989899,
      "acc": 0.8442622950819673,
      "n": 122,
      "n_pos": 23,
      "tp": 14,
      "tn": 89,
      "fp": 10,
      "fn": 9
    },
    "_hgb_mae": 1.3082370736619295
  },
  "loco_regress_hgb": {
    "train_India_test_Italy": {
      "auc": 0.9033816425120773,
      "sens": 0.782608695652174,
      "spec": 0.7777777777777778,
      "acc": 0.7786885245901639,
      "n": 122,
      "n_pos": 23,
      "tp": 18,
      "tn": 77,
      "fp": 22,
      "fn": 5,
      "acc_hard": 0.6065573770491803,
      "hgb_mae": 1.9035059925293405
    },
    "train_Italy_test_India": {
      "auc": 0.6797385620915033,
      "sens": 0.5588235294117647,
      "spec": 0.8148148148148148,
      "acc": 0.631578947368421,
      "n": 95,
      "n_pos": 68,
      "tp": 38,
      "tn": 22,
      "fp": 5,
      "fn": 30,
      "acc_hard": 0.6736842105263158,
      "hgb_mae": 1.6683711462388302
    }
  },
  "cv_regress_ridge": {
    "overall": {
      "auc": 0.8823478109192395,
      "sens": 0.17582417582417584,
      "spec": 0.9920634920634921,
      "acc": 0.6497695852534562,
      "n": 217,
      "n_pos": 91,
      "tp": 16,
      "tn": 125,
      "fp": 1,
      "fn": 75,
      "acc_hard": 0.7788018433179723
    },
    "India": {
      "auc": 0.7331154684095861,
      "sens": 0.22058823529411764,
      "spec": 1.0,
      "acc": 0.4421052631578947,
      "n": 95,
      "n_pos": 68,
      "tp": 15,
      "tn": 27,
      "fp": 0,
      "fn": 53
    },
    "Italy": {
      "auc": 0.8638559508124726,
      "sens": 0.043478260869565216,
      "spec": 0.98989898989899,
      "acc": 0.8114754098360656,
      "n": 122,
      "n_pos": 23,
      "tp": 1,
      "tn": 98,
      "fp": 1,
      "fn": 22
    },
    "_hgb_mae": 1.2673343623369289
  },
  "loco_regress_ridge": {
    "train_India_test_Italy": {
      "auc": 0.7171717171717172,
      "sens": 0.9130434782608695,
      "spec": 0.1414141414141414,
      "acc": 0.28688524590163933,
      "n": 122,
      "n_pos": 23,
      "tp": 21,
      "tn": 14,
      "fp": 85,
      "fn": 2,
      "acc_hard": 0.45081967213114754,
      "hgb_mae": 3.3836874395190137
    },
    "train_Italy_test_India": {
      "auc": 0.7113289760348585,
      "sens": 0.5588235294117647,
      "spec": 0.7777777777777778,
      "acc": 0.6210526315789474,
      "n": 95,
      "n_pos": 68,
      "tp": 38,
      "tn": 21,
      "fp": 6,
      "fn": 30,
      "acc_hard": 0.6421052631578947,
      "hgb_mae": 1.4875592897050869
    }
  }
}